insert into user(id, first_name, second_name, surname, created) values (1, 'First name 1', 'Second name 1', 'Surname 1', '2020-08-09T15:18:35.404726900');
insert into user(id, first_name, second_name, surname, created) values (2, 'First name 2', 'Second name 2', 'Surname 2', '2020-08-10T15:18:35.405726300');
insert into user(id, first_name, second_name, surname, created) values (3, 'First name 3', 'Second name 3', 'Surname 3', '2020-08-11T15:18:35.406726');
insert into user(id, first_name, second_name, surname, created) values (4, 'First name 4', 'Second name 4', 'Surname 4', '2020-08-12T15:18:35.406726');
insert into user(id, first_name, second_name, surname, created) values (5, 'First name 5', 'Second name 5', 'Surname 5', '2020-08-13T15:18:35.406726');
insert into user(id, first_name, second_name, surname, created) values (6, 'First name 6', 'Second name 6', 'Surname 6', '2020-08-14T15:18:35.407725300');
insert into user(id, first_name, second_name, surname, created) values (7, 'First name 7', 'Second name 7', 'Surname 7', '2020-08-15T15:18:35.407725300');
insert into user(id, first_name, second_name, surname, created) values (8, 'First name 8', 'Second name 8', 'Surname 8', '2020-08-16T15:18:35.408724900');
insert into user(id, first_name, second_name, surname, created) values (9, 'First name 9', 'Second name 9', 'Surname 9', '2020-08-17T15:18:35.408724900');
insert into user(id, first_name, second_name, surname, created) values (10, 'First name 10', 'Second name 10', 'Surname 10', '2020-08-18T15:18:35.408724900');
insert into user(id, first_name, second_name, surname, created) values (11, 'First name 11', 'Second name 11', 'Surname 11', '2020-08-19T15:18:35.408724900');
insert into post(id, user_id, title, content, created) values (1, 1,'Title 1', 'Content 1', '2020-08-09T15:18:35.410724900');
insert into post(id, user_id, title, content, created) values (2, 1,'Title 2', 'Content 2', '2020-08-10T15:18:35.410724900');
insert into post(id, user_id, title, content, created) values (3, 1,'Title 3', 'Content 3', '2020-08-11T15:18:35.410724900');
insert into post(id, user_id, title, content, created) values (4, 1,'Title 4', 'Content 4', '2020-08-12T15:18:35.411725900');
insert into post(id, user_id, title, content, created) values (5, 1,'Title 5', 'Content 5', '2020-08-13T15:18:35.411725900');
insert into post(id, user_id, title, content, created) values (6, 1,'Title 6', 'Content 6', '2020-08-14T15:18:35.411725900');
insert into post(id, user_id, title, content, created) values (7, 1,'Title 7', 'Content 7', '2020-08-15T15:18:35.412725700');
insert into post(id, user_id, title, content, created) values (8, 1,'Title 8', 'Content 8', '2020-08-16T15:18:35.412725700');
insert into post(id, user_id, title, content, created) values (9, 1,'Title 9', 'Content 9', '2020-08-17T15:18:35.412725700');
insert into post(id, user_id, title, content, created) values (10, 2,'Title 10', 'Content 10', '2020-08-18T15:18:35.412725700');
insert into post(id, user_id, title, content, created) values (11, 2,'Title 11', 'Content 11', '2020-08-19T15:18:35.413726600');
insert into post(id, user_id, title, content, created) values (12, 2,'Title 12', 'Content 12', '2020-08-20T15:18:35.413726600');
insert into post(id, user_id, title, content, created) values (13, 2,'Title 13', 'Content 13', '2020-08-21T15:18:35.413726600');
insert into post(id, user_id, title, content, created) values (14, 2,'Title 14', 'Content 14', '2020-08-22T15:18:35.414724500');
insert into post(id, user_id, title, content, created) values (15, 2,'Title 15', 'Content 15', '2020-08-23T15:18:35.414724500');
insert into post(id, user_id, title, content, created) values (16, 2,'Title 16', 'Content 16', '2020-08-24T15:18:35.414724500');
insert into post(id, user_id, title, content, created) values (17, 2,'Title 17', 'Content 17', '2020-08-25T15:18:35.415724600');
insert into post(id, user_id, title, content, created) values (18, 2,'Title 18', 'Content 18', '2020-08-26T15:18:35.415724600');
insert into post(id, user_id, title, content, created) values (19, 2,'Title 19', 'Content 19', '2020-08-27T15:18:35.415724600');
insert into post(id, user_id, title, content, created) values (20, 3,'Title 20', 'Content 20', '2020-08-28T15:18:35.416724700');
insert into post(id, user_id, title, content, created) values (21, 3,'Title 21', 'Content 21', '2020-08-29T15:18:35.416724700');
insert into post(id, user_id, title, content, created) values (22, 3,'Title 22', 'Content 22', '2020-08-30T15:18:35.417726100');
insert into post(id, user_id, title, content, created) values (23, 3,'Title 23', 'Content 23', '2020-08-31T15:18:35.417726100');
insert into post(id, user_id, title, content, created) values (24, 3,'Title 24', 'Content 24', '2020-09-01T15:18:35.417726100');
insert into post(id, user_id, title, content, created) values (25, 3,'Title 25', 'Content 25', '2020-09-02T15:18:35.418725700');
insert into post(id, user_id, title, content, created) values (26, 3,'Title 26', 'Content 26', '2020-09-03T15:18:35.418725700');
insert into post(id, user_id, title, content, created) values (27, 3,'Title 27', 'Content 27', '2020-09-04T15:18:35.418725700');
insert into post(id, user_id, title, content, created) values (28, 3,'Title 28', 'Content 28', '2020-09-05T15:18:35.419727');
insert into post(id, user_id, title, content, created) values (29, 3,'Title 29', 'Content 29', '2020-09-06T15:18:35.419727');
insert into post(id, user_id, title, content, created) values (30, 4,'Title 30', 'Content 30', '2020-09-07T15:18:35.419727');
insert into post(id, user_id, title, content, created) values (31, 4,'Title 31', 'Content 31', '2020-09-08T15:18:35.420723400');
insert into post(id, user_id, title, content, created) values (32, 4,'Title 32', 'Content 32', '2020-09-09T15:18:35.420723400');
insert into post(id, user_id, title, content, created) values (33, 4,'Title 33', 'Content 33', '2020-09-10T15:18:35.420723400');
insert into post(id, user_id, title, content, created) values (34, 4,'Title 34', 'Content 34', '2020-09-11T15:18:35.420723400');
insert into post(id, user_id, title, content, created) values (35, 4,'Title 35', 'Content 35', '2020-09-12T15:18:35.421723900');
insert into post(id, user_id, title, content, created) values (36, 4,'Title 36', 'Content 36', '2020-09-13T15:18:35.421723900');
insert into post(id, user_id, title, content, created) values (37, 4,'Title 37', 'Content 37', '2020-09-14T15:18:35.421723900');
insert into post(id, user_id, title, content, created) values (38, 4,'Title 38', 'Content 38', '2020-09-15T15:18:35.421723900');
insert into post(id, user_id, title, content, created) values (39, 4,'Title 39', 'Content 39', '2020-09-16T15:18:35.421723900');
insert into post(id, user_id, title, content, created) values (40, 5,'Title 40', 'Content 40', '2020-09-17T15:18:35.422723700');
insert into post(id, user_id, title, content, created) values (41, 5,'Title 41', 'Content 41', '2020-09-18T15:18:35.422723700');
insert into post(id, user_id, title, content, created) values (42, 5,'Title 42', 'Content 42', '2020-09-19T15:18:35.422723700');
insert into post(id, user_id, title, content, created) values (43, 5,'Title 43', 'Content 43', '2020-09-20T15:18:35.422723700');
insert into post(id, user_id, title, content, created) values (44, 5,'Title 44', 'Content 44', '2020-09-21T15:18:35.423726600');
insert into post(id, user_id, title, content, created) values (45, 5,'Title 45', 'Content 45', '2020-09-22T15:18:35.423726600');
insert into post(id, user_id, title, content, created) values (46, 5,'Title 46', 'Content 46', '2020-09-23T15:18:35.423726600');
insert into post(id, user_id, title, content, created) values (47, 5,'Title 47', 'Content 47', '2020-09-24T15:18:35.424724400');
insert into post(id, user_id, title, content, created) values (48, 5,'Title 48', 'Content 48', '2020-09-25T15:18:35.424724400');
insert into post(id, user_id, title, content, created) values (49, 5,'Title 49', 'Content 49', '2020-09-26T15:18:35.424724400');
insert into post(id, user_id, title, content, created) values (50, 6,'Title 50', 'Content 50', '2020-09-27T15:18:35.424724400');
insert into post(id, user_id, title, content, created) values (51, 6,'Title 51', 'Content 51', '2020-09-28T15:18:35.425726900');
insert into post(id, user_id, title, content, created) values (52, 6,'Title 52', 'Content 52', '2020-09-29T15:18:35.425726900');
insert into post(id, user_id, title, content, created) values (53, 6,'Title 53', 'Content 53', '2020-09-30T15:18:35.425726900');
insert into post(id, user_id, title, content, created) values (54, 6,'Title 54', 'Content 54', '2020-10-01T15:18:35.426724800');
insert into post(id, user_id, title, content, created) values (55, 6,'Title 55', 'Content 55', '2020-10-02T15:18:35.426724800');
insert into post(id, user_id, title, content, created) values (56, 6,'Title 56', 'Content 56', '2020-10-03T15:18:35.427725300');
insert into post(id, user_id, title, content, created) values (57, 6,'Title 57', 'Content 57', '2020-10-04T15:18:35.427725300');
insert into post(id, user_id, title, content, created) values (58, 6,'Title 58', 'Content 58', '2020-10-05T15:18:35.427725300');
insert into post(id, user_id, title, content, created) values (59, 6,'Title 59', 'Content 59', '2020-10-06T15:18:35.428728400');
insert into post(id, user_id, title, content, created) values (60, 7,'Title 60', 'Content 60', '2020-10-07T15:18:35.428728400');
insert into post(id, user_id, title, content, created) values (61, 7,'Title 61', 'Content 61', '2020-10-08T15:18:35.429725100');
insert into post(id, user_id, title, content, created) values (62, 7,'Title 62', 'Content 62', '2020-10-09T15:18:35.431729400');
insert into post(id, user_id, title, content, created) values (63, 7,'Title 63', 'Content 63', '2020-10-10T15:18:35.432725700');
insert into post(id, user_id, title, content, created) values (64, 7,'Title 64', 'Content 64', '2020-10-11T15:18:35.432725700');
insert into post(id, user_id, title, content, created) values (65, 7,'Title 65', 'Content 65', '2020-10-12T15:18:35.434730500');
insert into post(id, user_id, title, content, created) values (66, 7,'Title 66', 'Content 66', '2020-10-13T15:18:35.438723900');
insert into post(id, user_id, title, content, created) values (67, 7,'Title 67', 'Content 67', '2020-10-14T15:18:35.438723900');
insert into post(id, user_id, title, content, created) values (68, 7,'Title 68', 'Content 68', '2020-10-15T15:18:35.438723900');
insert into post(id, user_id, title, content, created) values (69, 7,'Title 69', 'Content 69', '2020-10-16T15:18:35.439726100');
insert into post(id, user_id, title, content, created) values (70, 8,'Title 70', 'Content 70', '2020-10-17T15:18:35.439726100');
insert into post(id, user_id, title, content, created) values (71, 8,'Title 71', 'Content 71', '2020-10-18T15:18:35.439726100');
insert into post(id, user_id, title, content, created) values (72, 8,'Title 72', 'Content 72', '2020-10-19T15:18:35.440726500');
insert into post(id, user_id, title, content, created) values (73, 8,'Title 73', 'Content 73', '2020-10-20T15:18:35.440726500');
insert into post(id, user_id, title, content, created) values (74, 8,'Title 74', 'Content 74', '2020-10-21T15:18:35.440726500');
insert into post(id, user_id, title, content, created) values (75, 8,'Title 75', 'Content 75', '2020-10-22T15:18:35.440726500');
insert into post(id, user_id, title, content, created) values (76, 8,'Title 76', 'Content 76', '2020-10-23T15:18:35.441724700');
insert into post(id, user_id, title, content, created) values (77, 8,'Title 77', 'Content 77', '2020-10-24T15:18:35.441724700');
insert into post(id, user_id, title, content, created) values (78, 8,'Title 78', 'Content 78', '2020-10-25T15:18:35.441724700');
insert into post(id, user_id, title, content, created) values (79, 8,'Title 79', 'Content 79', '2020-10-26T15:18:35.442726400');
insert into post(id, user_id, title, content, created) values (80, 9,'Title 80', 'Content 80', '2020-10-27T15:18:35.442726400');
insert into post(id, user_id, title, content, created) values (81, 9,'Title 81', 'Content 81', '2020-10-28T15:18:35.442726400');
insert into post(id, user_id, title, content, created) values (82, 9,'Title 82', 'Content 82', '2020-10-29T15:18:35.442726400');
insert into post(id, user_id, title, content, created) values (83, 9,'Title 83', 'Content 83', '2020-10-30T15:18:35.443725400');
insert into post(id, user_id, title, content, created) values (84, 9,'Title 84', 'Content 84', '2020-10-31T15:18:35.445726800');
insert into post(id, user_id, title, content, created) values (85, 9,'Title 85', 'Content 85', '2020-11-01T15:18:35.445726800');
insert into post(id, user_id, title, content, created) values (86, 9,'Title 86', 'Content 86', '2020-11-02T15:18:35.446727400');
insert into post(id, user_id, title, content, created) values (87, 9,'Title 87', 'Content 87', '2020-11-03T15:18:35.448728700');
insert into post(id, user_id, title, content, created) values (88, 9,'Title 88', 'Content 88', '2020-11-04T15:18:35.448728700');
insert into post(id, user_id, title, content, created) values (89, 9,'Title 89', 'Content 89', '2020-11-05T15:18:35.449729700');
insert into post(id, user_id, title, content, created) values (90, 10,'Title 90', 'Content 90', '2020-11-06T15:18:35.449729700');
insert into post(id, user_id, title, content, created) values (91, 10,'Title 91', 'Content 91', '2020-11-07T15:18:35.450726800');
insert into post(id, user_id, title, content, created) values (92, 10,'Title 92', 'Content 92', '2020-11-08T15:18:35.450726800');
insert into post(id, user_id, title, content, created) values (93, 10,'Title 93', 'Content 93', '2020-11-09T15:18:35.450726800');
insert into post(id, user_id, title, content, created) values (94, 10,'Title 94', 'Content 94', '2020-11-10T15:18:35.451727');
insert into post(id, user_id, title, content, created) values (95, 10,'Title 95', 'Content 95', '2020-11-11T15:18:35.451727');
insert into post(id, user_id, title, content, created) values (96, 10,'Title 96', 'Content 96', '2020-11-12T15:18:35.451727');
insert into post(id, user_id, title, content, created) values (97, 10,'Title 97', 'Content 97', '2020-11-13T15:18:35.452727300');
insert into post(id, user_id, title, content, created) values (98, 10,'Title 98', 'Content 98', '2020-11-14T15:18:35.453727300');
insert into post(id, user_id, title, content, created) values (99, 10,'Title 99', 'Content 99', '2020-11-15T15:18:35.453727300');
insert into post(id, user_id, title, content, created) values (100, 11,'Title 100', 'Content 100', '2020-11-16T15:18:35.454726500');
insert into comment(id, post_id, content, created) values (1, 1, 'Comment 1', '2020-08-09T15:18:35.454726500');
insert into comment(id, post_id, content, created) values (2, 1, 'Comment 2', '2020-08-10T15:18:35.455725800');
insert into comment(id, post_id, content, created) values (3, 1, 'Comment 3', '2020-08-11T15:18:35.456725');
insert into comment(id, post_id, content, created) values (4, 1, 'Comment 4', '2020-08-12T15:18:35.458725400');
insert into comment(id, post_id, content, created) values (5, 1, 'Comment 5', '2020-08-13T15:18:35.458725400');
insert into comment(id, post_id, content, created) values (6, 1, 'Comment 6', '2020-08-14T15:18:35.460725600');
insert into comment(id, post_id, content, created) values (7, 1, 'Comment 7', '2020-08-15T15:18:35.461725700');
insert into comment(id, post_id, content, created) values (8, 1, 'Comment 8', '2020-08-16T15:18:35.461725700');
insert into comment(id, post_id, content, created) values (9, 1, 'Comment 9', '2020-08-17T15:18:35.462724500');
insert into comment(id, post_id, content, created) values (10, 2, 'Comment 10', '2020-08-18T15:18:35.463725800');
insert into comment(id, post_id, content, created) values (11, 2, 'Comment 11', '2020-08-19T15:18:35.463725800');
insert into comment(id, post_id, content, created) values (12, 2, 'Comment 12', '2020-08-20T15:18:35.463725800');
insert into comment(id, post_id, content, created) values (13, 2, 'Comment 13', '2020-08-21T15:18:35.464726100');
insert into comment(id, post_id, content, created) values (14, 2, 'Comment 14', '2020-08-22T15:18:35.464726100');
insert into comment(id, post_id, content, created) values (15, 2, 'Comment 15', '2020-08-23T15:18:35.465724600');
insert into comment(id, post_id, content, created) values (16, 2, 'Comment 16', '2020-08-24T15:18:35.465724600');
insert into comment(id, post_id, content, created) values (17, 2, 'Comment 17', '2020-08-25T15:18:35.466730');
insert into comment(id, post_id, content, created) values (18, 2, 'Comment 18', '2020-08-26T15:18:35.467728900');
insert into comment(id, post_id, content, created) values (19, 2, 'Comment 19', '2020-08-27T15:18:35.467728900');
insert into comment(id, post_id, content, created) values (20, 3, 'Comment 20', '2020-08-28T15:18:35.469726700');
insert into comment(id, post_id, content, created) values (21, 3, 'Comment 21', '2020-08-29T15:18:35.470725500');
insert into comment(id, post_id, content, created) values (22, 3, 'Comment 22', '2020-08-30T15:18:35.471725300');
insert into comment(id, post_id, content, created) values (23, 3, 'Comment 23', '2020-08-31T15:18:35.472723900');
insert into comment(id, post_id, content, created) values (24, 3, 'Comment 24', '2020-09-01T15:18:35.473725');
insert into comment(id, post_id, content, created) values (25, 3, 'Comment 25', '2020-09-02T15:18:35.474724500');
insert into comment(id, post_id, content, created) values (26, 3, 'Comment 26', '2020-09-03T15:18:35.474724500');
insert into comment(id, post_id, content, created) values (27, 3, 'Comment 27', '2020-09-04T15:18:35.475725');
insert into comment(id, post_id, content, created) values (28, 3, 'Comment 28', '2020-09-05T15:18:35.476724600');
insert into comment(id, post_id, content, created) values (29, 3, 'Comment 29', '2020-09-06T15:18:35.476724600');
insert into comment(id, post_id, content, created) values (30, 4, 'Comment 30', '2020-09-07T15:18:35.477733500');
insert into comment(id, post_id, content, created) values (31, 4, 'Comment 31', '2020-09-08T15:18:35.478725900');
insert into comment(id, post_id, content, created) values (32, 4, 'Comment 32', '2020-09-09T15:18:35.478725900');
insert into comment(id, post_id, content, created) values (33, 4, 'Comment 33', '2020-09-10T15:18:35.479726600');
insert into comment(id, post_id, content, created) values (34, 4, 'Comment 34', '2020-09-11T15:18:35.479726600');
insert into comment(id, post_id, content, created) values (35, 4, 'Comment 35', '2020-09-12T15:18:35.480724900');
insert into comment(id, post_id, content, created) values (36, 4, 'Comment 36', '2020-09-13T15:18:35.480724900');
insert into comment(id, post_id, content, created) values (37, 4, 'Comment 37', '2020-09-14T15:18:35.480724900');
insert into comment(id, post_id, content, created) values (38, 4, 'Comment 38', '2020-09-15T15:18:35.480724900');
insert into comment(id, post_id, content, created) values (39, 4, 'Comment 39', '2020-09-16T15:18:35.481725500');
insert into comment(id, post_id, content, created) values (40, 5, 'Comment 40', '2020-09-17T15:18:35.481725500');
insert into comment(id, post_id, content, created) values (41, 5, 'Comment 41', '2020-09-18T15:18:35.481725500');
insert into comment(id, post_id, content, created) values (42, 5, 'Comment 42', '2020-09-19T15:18:35.482725400');
insert into comment(id, post_id, content, created) values (43, 5, 'Comment 43', '2020-09-20T15:18:35.483725200');
insert into comment(id, post_id, content, created) values (44, 5, 'Comment 44', '2020-09-21T15:18:35.483725200');
insert into comment(id, post_id, content, created) values (45, 5, 'Comment 45', '2020-09-22T15:18:35.484725400');
insert into comment(id, post_id, content, created) values (46, 5, 'Comment 46', '2020-09-23T15:18:35.484725400');
insert into comment(id, post_id, content, created) values (47, 5, 'Comment 47', '2020-09-24T15:18:35.484725400');
insert into comment(id, post_id, content, created) values (48, 5, 'Comment 48', '2020-09-25T15:18:35.485724400');
insert into comment(id, post_id, content, created) values (49, 5, 'Comment 49', '2020-09-26T15:18:35.485724400');
insert into comment(id, post_id, content, created) values (50, 6, 'Comment 50', '2020-09-27T15:18:35.485724400');
insert into comment(id, post_id, content, created) values (51, 6, 'Comment 51', '2020-09-28T15:18:35.485724400');
insert into comment(id, post_id, content, created) values (52, 6, 'Comment 52', '2020-09-29T15:18:35.486724600');
insert into comment(id, post_id, content, created) values (53, 6, 'Comment 53', '2020-09-30T15:18:35.487725600');
insert into comment(id, post_id, content, created) values (54, 6, 'Comment 54', '2020-10-01T15:18:35.487725600');
insert into comment(id, post_id, content, created) values (55, 6, 'Comment 55', '2020-10-02T15:18:35.487725600');
insert into comment(id, post_id, content, created) values (56, 6, 'Comment 56', '2020-10-03T15:18:35.487725600');
insert into comment(id, post_id, content, created) values (57, 6, 'Comment 57', '2020-10-04T15:18:35.488725300');
insert into comment(id, post_id, content, created) values (58, 6, 'Comment 58', '2020-10-05T15:18:35.488725300');
insert into comment(id, post_id, content, created) values (59, 6, 'Comment 59', '2020-10-06T15:18:35.488725300');
insert into comment(id, post_id, content, created) values (60, 7, 'Comment 60', '2020-10-07T15:18:35.489724');
insert into comment(id, post_id, content, created) values (61, 7, 'Comment 61', '2020-10-08T15:18:35.489724');
insert into comment(id, post_id, content, created) values (62, 7, 'Comment 62', '2020-10-09T15:18:35.490725');
insert into comment(id, post_id, content, created) values (63, 7, 'Comment 63', '2020-10-10T15:18:35.490725');
insert into comment(id, post_id, content, created) values (64, 7, 'Comment 64', '2020-10-11T15:18:35.490725');
insert into comment(id, post_id, content, created) values (65, 7, 'Comment 65', '2020-10-12T15:18:35.491726200');
insert into comment(id, post_id, content, created) values (66, 7, 'Comment 66', '2020-10-13T15:18:35.491726200');
insert into comment(id, post_id, content, created) values (67, 7, 'Comment 67', '2020-10-14T15:18:35.491726200');
insert into comment(id, post_id, content, created) values (68, 7, 'Comment 68', '2020-10-15T15:18:35.492724300');
insert into comment(id, post_id, content, created) values (69, 7, 'Comment 69', '2020-10-16T15:18:35.492724300');
insert into comment(id, post_id, content, created) values (70, 8, 'Comment 70', '2020-10-17T15:18:35.492724300');
insert into comment(id, post_id, content, created) values (71, 8, 'Comment 71', '2020-10-18T15:18:35.493725700');
insert into comment(id, post_id, content, created) values (72, 8, 'Comment 72', '2020-10-19T15:18:35.493725700');
insert into comment(id, post_id, content, created) values (73, 8, 'Comment 73', '2020-10-20T15:18:35.494725300');
insert into comment(id, post_id, content, created) values (74, 8, 'Comment 74', '2020-10-21T15:18:35.494725300');
insert into comment(id, post_id, content, created) values (75, 8, 'Comment 75', '2020-10-22T15:18:35.495726900');
insert into comment(id, post_id, content, created) values (76, 8, 'Comment 76', '2020-10-23T15:18:35.495726900');
insert into comment(id, post_id, content, created) values (77, 8, 'Comment 77', '2020-10-24T15:18:35.495726900');
insert into comment(id, post_id, content, created) values (78, 8, 'Comment 78', '2020-10-25T15:18:35.495726900');
insert into comment(id, post_id, content, created) values (79, 8, 'Comment 79', '2020-10-26T15:18:35.496729400');
insert into comment(id, post_id, content, created) values (80, 9, 'Comment 80', '2020-10-27T15:18:35.496729400');
insert into comment(id, post_id, content, created) values (81, 9, 'Comment 81', '2020-10-28T15:18:35.496729400');
insert into comment(id, post_id, content, created) values (82, 9, 'Comment 82', '2020-10-29T15:18:35.496729400');
insert into comment(id, post_id, content, created) values (83, 9, 'Comment 83', '2020-10-30T15:18:35.497725300');
insert into comment(id, post_id, content, created) values (84, 9, 'Comment 84', '2020-10-31T15:18:35.497725300');
insert into comment(id, post_id, content, created) values (85, 9, 'Comment 85', '2020-11-01T15:18:35.497725300');
insert into comment(id, post_id, content, created) values (86, 9, 'Comment 86', '2020-11-02T15:18:35.498727100');
insert into comment(id, post_id, content, created) values (87, 9, 'Comment 87', '2020-11-03T15:18:35.498727100');
insert into comment(id, post_id, content, created) values (88, 9, 'Comment 88', '2020-11-04T15:18:35.498727100');
insert into comment(id, post_id, content, created) values (89, 9, 'Comment 89', '2020-11-05T15:18:35.499725600');
insert into comment(id, post_id, content, created) values (90, 10, 'Comment 90', '2020-11-06T15:18:35.499725600');
insert into comment(id, post_id, content, created) values (91, 10, 'Comment 91', '2020-11-07T15:18:35.499725600');
insert into comment(id, post_id, content, created) values (92, 10, 'Comment 92', '2020-11-08T15:18:35.499725600');
insert into comment(id, post_id, content, created) values (93, 10, 'Comment 93', '2020-11-09T15:18:35.500726900');
insert into comment(id, post_id, content, created) values (94, 10, 'Comment 94', '2020-11-10T15:18:35.500726900');
insert into comment(id, post_id, content, created) values (95, 10, 'Comment 95', '2020-11-11T15:18:35.500726900');
insert into comment(id, post_id, content, created) values (96, 10, 'Comment 96', '2020-11-12T15:18:35.501725500');
insert into comment(id, post_id, content, created) values (97, 10, 'Comment 97', '2020-11-13T15:18:35.501725500');
insert into comment(id, post_id, content, created) values (98, 10, 'Comment 98', '2020-11-14T15:18:35.501725500');
insert into comment(id, post_id, content, created) values (99, 10, 'Comment 99', '2020-11-15T15:18:35.501725500');
insert into comment(id, post_id, content, created) values (100, 11, 'Comment 100', '2020-11-16T15:18:35.501725500');
